[
  {
    "model": "pastas.unidadmedida",
    "pk": "000000000000000000000001",
    "fields": {
      "nombre": "KILO"
    }
  },
  {
    "model": "pastas.unidadmedida",
    "pk": "000000000000000000000002",
    "fields": {
      "nombre": "UNIDAD"
    }
  },
  {
    "model": "pastas.ingrediente",
    "pk": "000000000000000000000003",
    "fields": {
      "nombre": "HARINA",
      "costo": "50.00",
      "unidad_medida": "000000000000000000000001"
    }
  },
  {
    "model": "pastas.ingrediente",
    "pk": "000000000000000000000004",
    "fields": {
      "nombre": "SAL",
      "costo": "50.00",
      "unidad_medida": "000000000000000000000001"
    }
  },
  {
    "model": "pastas.ingrediente",
    "pk": "000000000000000000000005",
    "fields": {
      "nombre": "HUEVO",
      "costo": "10.00",
      "unidad_medida": "000000000000000000000002"
    }
  },
  {
    "model": "pastas.ingrediente",
    "pk": "000000000000000000000006",
    "fields": {
      "nombre": "JAMÓN",
      "costo": "600.00",
      "unidad_medida": "000000000000000000000001"
    }
  },
  {
    "model": "pastas.ingrediente",
    "pk": "000000000000000000000007",
    "fields": {
      "nombre": "QUESO",
      "costo": "250.00",
      "unidad_medida": "000000000000000000000001"
    }
  },
  {
    "model": "pastas.ingrediente",
    "pk": "000000000000000000000008",
    "fields": {
      "nombre": "ESPINACA",
      "costo": "100.00",
      "unidad_medida": "000000000000000000000001"
    }
  },
  {
    "model": "pastas.producto",
    "pk": "000000000000000000000009",
    "fields": {
      "nombre": "TALLARIN",
      "ganancia": "2.00",
      "es_relleno": false
    }
  },
  {
    "model": "pastas.producto",
    "pk": "00000000000000000000000a",
    "fields": {
      "nombre": "RAVIOLI ESPINACA",
      "ganancia": "3.00",
      "es_relleno": true
    }
  },
  {
    "model": "pastas.producto",
    "pk": "00000000000000000000000b",
    "fields": {
      "nombre": "SORRENTINO JAMÓN Y QUESO",
      "ganancia": "3.80",
      "es_relleno": true
    }
  },
  {
    "model": "pastas.receta",
    "fields": {
      "cantidad": "0.900",
      "ingrediente": "000000000000000000000003",
      "producto": "000000000000000000000009"
    }
  },
  {
    "model": "pastas.receta",
    "fields": {
      "cantidad": "0.050",
      "ingrediente": "000000000000000000000004",
      "producto": "000000000000000000000009"
    }
  },
  {
    "model": "pastas.receta",
    "fields": {
      "cantidad": "4.000",
      "ingrediente": "000000000000000000000005",
      "producto": "000000000000000000000009"
    }
  },
  {
    "model": "pastas.receta",
    "fields": {
      "cantidad": "0.600",
      "ingrediente": "000000000000000000000003",
      "producto": "00000000000000000000000a"
    }
  },
  {
    "model": "pastas.receta",
    "fields": {
      "cantidad": "4.000",
      "ingrediente": "000000000000000000000005",
      "producto": "00000000000000000000000a"
    }
  },
  {
    "model": "pastas.receta",
    "fields": {
      "cantidad": "0.300",
      "ingrediente": "000000000000000000000008",
      "producto": "00000000000000000000000a"
    }
  },
  {
    "model": "pastas.receta",
    "fields": {
      "cantidad": "0.600",
      "ingrediente": "000000000000000000000003",
      "producto": "00000000000000000000000b"
    }
  },
  {
    "model": "pastas.receta",
    "fields": {
      "cantidad": "4.000",
      "ingrediente": "000000000000000000000005",
      "producto": "00000000000000000000000b"
    }
  },
  {
    "model": "pastas.receta",
    "fields": {
      "cantidad": "0.150",
      "ingrediente": "000000000000000000000006",
      "producto": "00000000000000000000000b"
    }
  },
  {
    "model": "pastas.receta",
    "fields": {
      "cantidad": "0.150",
      "ingrediente": "000000000000000000000007",
      "producto": "00000000000000000000000b"
    }
  },
  {
    "model": "pastas.provincia",
    "pk": "00000000000000000000000c",
    "fields": {
      "nombre": "CÓRDOBA"
    }
  },
  {
    "model": "pastas.provincia",
    "pk": "00000000000000000000000d",
    "fields": {
      "nombre": "SANTA FE"
    }
  },
  {
    "model": "pastas.provincia",
    "pk": "00000000000000000000000e",
    "fields": {
      "nombre": "BUENOS AIRES"
    }
  },
  {
    "model": "pastas.localidad",
    "pk": "00000000000000000000000f",
    "fields": {
      "nombre": "RÍO CUARTO"
    }
  },
  {
    "model": "pastas.localidad",
    "pk": "000000000000000000000010",
    "fields": {
      "nombre": "VILLA MARÍA"
    }
  },
  {
    "model": "pastas.localidad",
    "pk": "000000000000000000000011",
    "fields": {
      "nombre": "ROSARIO"
    }
  },
  {
    "model": "pastas.barrio",
    "pk": "000000000000000000000012",
    "fields": {
      "nombre": "CENTRO"
    }
  },
  {
    "model": "pastas.barrio",
    "pk": "000000000000000000000013",
    "fields": {
      "nombre": "LAMADRID"
    }
  },
  {
    "model": "pastas.barrio",
    "pk": "000000000000000000000014",
    "fields": {
      "nombre": "AMEGHINO"
    }
  },
  {
    "model": "pastas.barrio",
    "pk": "000000000000000000000015",
    "fields": {
      "nombre": "ALBERDI"
    }
  },
  {
    "model": "pastas.cliente",
    "pk": "000000000000000000000016",
    "fields": {
      "nombre": "JUAN PÉREZ",
      "numero_documento": 20123456789,
      "direccion": "Av. Sabattini 350",
      "celular": 3584123456,
      "telefono": 3584987654,
      "email": "juan@mail.com",
      "barrio": "000000000000000000000012",
      "localidad": "00000000000000000000000f",
      "provincia": "00000000000000000000000c"
    }
  },
  {
    "model": "pastas.cliente",
    "pk": "000000000000000000000017",
    "fields": {
      "nombre": "MARÍA GARCÍA",
      "numero_documento": 27111222333,
      "direccion": "San Martín 200",
      "celular": 3584555666,
      "telefono": 0,
      "email": "maria@mail.com",
      "barrio": "000000000000000000000013",
      "localidad": "00000000000000000000000f",
      "provincia": "00000000000000000000000c"
    }
  },
  {
    "model": "pastas.cliente",
    "pk": "000000000000000000000018",
    "fields": {
      "nombre": "CARLOS LÓPEZ",
      "numero_documento": 20333444555,
      "direccion": "Belgrano 800",
      "celular": 3584777888,
      "telefono": 0,
      "email": "carlos@mail.com",
      "barrio": "000000000000000000000015",
      "localidad": "000000000000000000000010",
      "provincia": "00000000000000000000000c"
    }
  },
  {
    "model": "pastas.venta",
    "pk": "000000000000000000000019",
    "fields": {
      "fecha": "2026-06-06",
      "cliente": "000000000000000000000016"
    }
  },
  {
    "model": "pastas.venta",
    "pk": "00000000000000000000001a",
    "fields": {
      "fecha": "2026-06-07",
      "cliente": "000000000000000000000016"
    }
  },
  {
    "model": "pastas.venta",
    "pk": "00000000000000000000001b",
    "fields": {
      "fecha": "2026-06-08",
      "cliente": "000000000000000000000017"
    }
  },
  {
    "model": "pastas.venta",
    "pk": "00000000000000000000001c",
    "fields": {
      "fecha": "2026-06-09",
      "cliente": "000000000000000000000018"
    }
  },
  {
    "model": "pastas.detalleventa",
    "fields": {
      "venta": "000000000000000000000019",
      "cantidad": "1.00",
      "producto": "000000000000000000000009"
    }
  },
  {
    "model": "pastas.detalleventa",
    "fields": {
      "venta": "000000000000000000000019",
      "cantidad": "2.00",
      "producto": "00000000000000000000000b"
    }
  },
  {
    "model": "pastas.detalleventa",
    "fields": {
      "venta": "00000000000000000000001a",
      "cantidad": "3.00",
      "producto": "00000000000000000000000a"
    }
  },
  {
    "model": "pastas.detalleventa",
    "fields": {
      "venta": "00000000000000000000001b",
      "cantidad": "1.50",
      "producto": "000000000000000000000009"
    }
  },
  {
    "model": "pastas.detalleventa",
    "fields": {
      "venta": "00000000000000000000001b",
      "cantidad": "1.00",
      "producto": "00000000000000000000000a"
    }
  },
  {
    "model": "pastas.detalleventa",
    "fields": {
      "venta": "00000000000000000000001c",
      "cantidad": "2.00",
      "producto": "00000000000000000000000b"
    }
  },
  {
    "model": "pastas.detalleventa",
    "fields": {
      "venta": "00000000000000000000001c",
      "cantidad": "1.00",
      "producto": "000000000000000000000009"
    }
  }
]